<environmentvariabledefinition schemaname="alexmsft_SitePagesLibraryID">
  <description default="ID of the Site Pages library">
    <label description="ID of the Site Pages library" languagecode="1033" />
  </description>
  <displayname default="Site Pages Library ID">
    <label description="Site Pages Library ID" languagecode="1033" />
  </displayname>
  <introducedversion>1.0.0.0</introducedversion>
  <iscustomizable>1</iscustomizable>
  <isrequired>0</isrequired>
  <secretstore>0</secretstore>
  <type>100000000</type>
</environmentvariabledefinition>