<environmentvariabledefinition schemaname="alexmsft_TranslationsSPOSite">
  <apiid>/providers/microsoft.powerapps/apis/shared_sharepointonline</apiid>
  <description default="SharePoint site for the translations functionality">
    <label description="SharePoint site for the translations functionality" languagecode="1033" />
  </description>
  <displayname default="Translations SPO Site">
    <label description="Translations SPO Site" languagecode="1033" />
  </displayname>
  <introducedversion>1.0.0.0</introducedversion>
  <iscustomizable>1</iscustomizable>
  <isrequired>0</isrequired>
  <parameterkey>dataset</parameterkey>
  <secretstore>0</secretstore>
  <type>100000004</type>
</environmentvariabledefinition>