<environmentvariabledefinition schemaname="alexmsft_TranslationsEntraAppSecret">
  <description default="Entra ID App registration secret">
    <label description="Entra ID App registration secret" languagecode="1033" />
  </description>
  <displayname default="Translations Entra App Secret">
    <label description="Translations Entra App Secret" languagecode="1033" />
  </displayname>
  <introducedversion>1.0.0.0</introducedversion>
  <iscustomizable>1</iscustomizable>
  <isrequired>0</isrequired>
  <secretstore>0</secretstore>
  <type>100000000</type>
</environmentvariabledefinition>