{"name":"678854fa-c261-4284-ae6d-5baaf6a05e50","id":"/providers/Microsoft.Flow/flows/678854fa-c261-4284-ae6d-5baaf6a05e50","type":"Microsoft.Flow/flows","properties":{"apiId":"/providers/Microsoft.PowerApps/apis/shared_logicflows","displayName":"Translate Page","definition":{"metadata":{"workflowEntityId":null,"processAdvisorMetadata":null,"flowChargedByPaygo":null,"flowclientsuspensionreason":"None","flowclientsuspensiontime":null,"flowclientsuspensionreasondetails":null,"creator":{"id":"be7f6a61-71ec-4e63-8609-3e2cb740dc75","type":"User","tenantId":"32292181-0169-456b-b0a4-95fa4c5773a4"},"provisioningMethod":"FromDefinition","failureAlertSubscription":true,"clientLastModifiedTime":"2023-10-17T13:23:42.517412Z"},"$schema":"https://schema.management.azure.com/providers/Microsoft.Logic/schemas/2016-06-01/workflowdefinition.json#","contentVersion":"1.0.0.0","parameters":{"$connections":{"defaultValue":{},"type":"Object"},"$authentication":{"defaultValue":{},"type":"SecureObject"}},"triggers":{"manual":{"splitOn":"@triggerBody()['rows']","metadata":{"operationMetadataId":"089b74e9-1fec-41a7-ba08-efdd93ca969a"},"type":"Request","kind":"ApiConnection","inputs":{"schema":{"type":"object","properties":{"rows":{"type":"array","items":{"type":"object","properties":{"entity":{"type":"object","properties":{"itemUrl":{"title":"itemUrl","type":"string"},"ID":{"title":"ID","type":"integer","format":"int64"}},"required":["itemUrl","ID"]}},"required":["entity"]}}},"required":["rows"]},"host":{"connection":{"name":"@parameters('$connections')['shared_sharepointonline']['connectionId']"},"api":{"runtimeUrl":"https://uk-001.azure-apim.net/apim/sharepointonline"}},"operationId":"ForASelectedFileHybridTrigger","parameters":{"dataset":"https://m365x765471.sharepoint.com","table":"Site Pages"}}}},"actions":{"Get_page_file_properties":{"runAfter":{"Initialize_SiteURL_variable":["Succeeded"]},"metadata":{"operationMetadataId":"9e432939-e8f4-4d21-82db-4f42d36cfb0d"},"type":"OpenApiConnection","inputs":{"host":{"apiId":"/providers/Microsoft.PowerApps/apis/shared_sharepointonline","connectionName":"shared_sharepointonline","operationId":"GetFileItem"},"parameters":{"dataset":"@variables('SiteURL')","table":"Site Pages","id":"@triggerBody()?['entity']?['ID']"},"authentication":{"value":"@json(decodeBase64(triggerOutputs().headers['X-MS-APIM-Tokens']))['$ConnectionKey']","type":"Raw"}}},"Initialize_SiteURL_variable":{"runAfter":{},"metadata":{"operationMetadataId":"40c4bfd1-9786-4c03-8ac4-4c8fbaa768b1"},"type":"InitializeVariable","inputs":{"variables":[{"name":"SiteURL","type":"string"}]}},"Create_processing_item":{"runAfter":{"Get_page_file_properties":["Succeeded"]},"metadata":{"operationMetadataId":"3166fb5d-75b7-44ce-8d4c-034cb9bb0827"},"type":"OpenApiConnection","inputs":{"host":{"apiId":"/providers/Microsoft.PowerApps/apis/shared_sharepointonline","connectionName":"shared_sharepointonline","operationId":"PostItem"},"parameters":{"dataset":"@variables('SiteURL')","table":"Page Translation Processing","item":{"PageItemID":"@triggerBody()?['entity']?['ID']"}},"authentication":{"value":"@json(decodeBase64(triggerOutputs().headers['X-MS-APIM-Tokens']))['$ConnectionKey']","type":"Raw"}}}}},"connectionReferences":{"shared_sharepointonline":{"connectionName":"0c43331dd47d408186f1d27fde7b4211","source":"Invoker","id":"/providers/Microsoft.PowerApps/apis/shared_sharepointonline","tier":"NotSpecified"}},"flowFailureAlertSubscribed":false,"isManaged":false}}