<environmentvariabledefinition schemaname="alexmsft_TranslationsEntraAppID">
  <description default="Entra ID App registration ID">
    <label description="Entra ID App registration ID" languagecode="1033" />
  </description>
  <displayname default="Translations Entra App ID">
    <label description="Translations Entra App ID" languagecode="1033" />
  </displayname>
  <introducedversion>1.0.0.0</introducedversion>
  <iscustomizable>1</iscustomizable>
  <isrequired>0</isrequired>
  <secretstore>0</secretstore>
  <type>100000000</type>
</environmentvariabledefinition>