{"name":"db2515a4-928a-4202-8d3d-a18f9be511a3","id":"/providers/Microsoft.Flow/flows/db2515a4-928a-4202-8d3d-a18f9be511a3","type":"Microsoft.Flow/flows","properties":{"apiId":"/providers/Microsoft.PowerApps/apis/shared_logicflows","displayName":"Translate Page","definition":{"metadata":{"workflowEntityId":null,"processAdvisorMetadata":null,"flowChargedByPaygo":null,"flowclientsuspensionreason":"None","flowclientsuspensiontime":null,"flowclientsuspensionreasondetails":null,"creator":{"id":"be7f6a61-71ec-4e63-8609-3e2cb740dc75","type":"User","tenantId":"32292181-0169-456b-b0a4-95fa4c5773a4"},"provisioningMethod":"FromDefinition","failureAlertSubscription":true,"clientLastModifiedTime":"2023-10-20T09:20:32.2159153Z"},"$schema":"https://schema.management.azure.com/providers/Microsoft.Logic/schemas/2016-06-01/workflowdefinition.json#","contentVersion":"1.0.0.0","parameters":{"$connections":{"defaultValue":{},"type":"Object"},"$authentication":{"defaultValue":{},"type":"SecureObject"}},"triggers":{"For_a_selected_page":{"splitOn":"@triggerBody()['rows']","metadata":{"operationMetadataId":"e48b256f-d968-4ce1-8ec0-4cb26d1b2ffa"},"type":"Request","kind":"ApiConnection","inputs":{"schema":{"type":"object","properties":{"rows":{"type":"array","items":{"type":"object","properties":{"entity":{"type":"object","properties":{"ID":{"title":"ID","type":"integer","format":"int64"}},"required":["ID"]}},"required":["entity"]}}},"required":["rows"]},"host":{"connection":{"name":"@parameters('$connections')['shared_sharepointonline']['connectionId']"},"api":{"runtimeUrl":"https://uk-001.azure-apim.net/apim/sharepointonline"}},"operationId":"ForASelectedFileHybridTrigger","parameters":{"dataset":"https://m365x765471.sharepoint.com","table":"8c8b0209-527b-4fdf-8c2f-c3fb81597cf7"}}}},"actions":{"Get_file_properties":{"runAfter":{"Initialize_SiteURL_variable":["Succeeded"]},"metadata":{"operationMetadataId":"8ace207d-5074-4833-b3c2-3a51a2c3ec73"},"type":"OpenApiConnection","inputs":{"host":{"apiId":"/providers/Microsoft.PowerApps/apis/shared_sharepointonline","connectionName":"shared_sharepointonline","operationId":"GetFileItem"},"parameters":{"dataset":"@variables('SiteURL')","table":"Site Pages","id":"@triggerBody()?['entity']?['ID']"},"authentication":{"value":"@json(decodeBase64(triggerOutputs().headers['X-MS-APIM-Tokens']))['$ConnectionKey']","type":"Raw"}}},"Create_item_in_processing_list":{"runAfter":{"Get_file_properties":["Succeeded"]},"metadata":{"operationMetadataId":"e5987136-124a-4570-bd7a-c6398275c651"},"type":"OpenApiConnection","inputs":{"host":{"apiId":"/providers/Microsoft.PowerApps/apis/shared_sharepointonline","connectionName":"shared_sharepointonline","operationId":"PostItem"},"parameters":{"dataset":"@variables('SiteURL')","table":"Page Translation Processing","item":{"PageItemID":"@outputs('Get_file_properties')?['body/ID']"}},"authentication":{"value":"@json(decodeBase64(triggerOutputs().headers['X-MS-APIM-Tokens']))['$ConnectionKey']","type":"Raw"}}},"Initialize_SiteURL_variable":{"runAfter":{},"metadata":{"operationMetadataId":"acb1136c-fc70-49be-83ff-6da033083263"},"type":"InitializeVariable","inputs":{"variables":[{"name":"SiteURL","type":"string"}]}}},"description":"Translates SharePoint page content."},"connectionReferences":{"shared_sharepointonline":{"connectionName":"0c43331dd47d408186f1d27fde7b4211","source":"Invoker","id":"/providers/Microsoft.PowerApps/apis/shared_sharepointonline","tier":"NotSpecified"}},"flowFailureAlertSubscribed":false,"isManaged":false}}