<environmentvariabledefinition schemaname="alexmsft_PageTranslationProcessingList">
  <apiid>/providers/microsoft.powerapps/apis/shared_sharepointonline</apiid>
  <description default="Page Translation Processing List">
    <label description="Page Translation Processing List" languagecode="1033" />
  </description>
  <displayname default="Page Translation Processing List">
    <label description="Page Translation Processing List" languagecode="1033" />
  </displayname>
  <introducedversion>1.0.0.0</introducedversion>
  <iscustomizable>1</iscustomizable>
  <isrequired>0</isrequired>
  <parameterkey>table</parameterkey>
  <parentdefinitionid>
    <schemaname>alexmsft_TranslationsSPOSite</schemaname>
  </parentdefinitionid>
  <secretstore>0</secretstore>
  <type>100000004</type>
</environmentvariabledefinition>