<environmentvariabledefinition schemaname="alexmsft_TranslationsSPOSiteID">
  <description default="Site ID for the translations sharepoint site">
    <label description="Site ID for the translations sharepoint site" languagecode="1033" />
  </description>
  <displayname default="Translations SPO Site ID">
    <label description="Translations SPO Site ID" languagecode="1033" />
  </displayname>
  <introducedversion>1.0.0.0</introducedversion>
  <iscustomizable>1</iscustomizable>
  <isrequired>0</isrequired>
  <secretstore>0</secretstore>
  <type>100000000</type>
</environmentvariabledefinition>