<environmentvariabledefinition schemaname="alexmsft_TenantID">
  <description default="ID of the tenant">
    <label description="ID of the tenant" languagecode="1033" />
  </description>
  <displayname default="Tenant ID">
    <label description="Tenant ID" languagecode="1033" />
  </displayname>
  <introducedversion>1.0.0.0</introducedversion>
  <iscustomizable>1</iscustomizable>
  <isrequired>0</isrequired>
  <secretstore>0</secretstore>
  <type>100000000</type>
</environmentvariabledefinition>